/home/ece-student/retinanet/images/flower-1.JPEG,119,38,379,319,rose
/home/ece-student/retinanet/images/flower-2.JPEG,63,33,411,365,rose
/home/ece-student/retinanet/images/flower-3.JPEG,133,65,446,324,rose
/home/ece-student/retinanet/images/flower-4.JPEG,23,165,359,500,rose
/home/ece-student/retinanet/images/flower-5.JPEG,242,12,476,237,rose
/home/ece-student/retinanet/images/flower-6.JPEG,50,53,139,112,rose
/home/ece-student/retinanet/images/flower-7.JPEG,18,8,226,156,rose
/home/ece-student/retinanet/images/flower-8.JPEG,105,44,369,299,rose
/home/ece-student/retinanet/images/flower-9.JPEG,31,102,51,126,rose
/home/ece-student/retinanet/images/flower-10.JPEG,31,143,341,447,rose
/home/ece-student/retinanet/images/flower-11.JPEG,29,28,315,252,rose
/home/ece-student/retinanet/images/flower-12.JPEG,106,17,197,88,rose
/home/ece-student/retinanet/images/flower-13.JPEG,67,4,455,333,rose
/home/ece-student/retinanet/images/flower-14.JPEG,98,15,410,316,rose
/home/ece-student/retinanet/images/flower-15.JPEG,63,182,268,416,rose
/home/ece-student/retinanet/images/flower-16.JPEG,32,63,469,327,rose
/home/ece-student/retinanet/images/flower-17.JPEG,35,37,364,417,rose
/home/ece-student/retinanet/images/flower-18.JPEG,31,98,338,373,rose
/home/ece-student/retinanet/images/flower-19.JPEG,3,5,233,155,rose
/home/ece-student/retinanet/images/flower-20.JPEG,6,7,234,159,rose
/home/ece-student/retinanet/images/flower-21.JPEG,2,15,153,156,rose
/home/ece-student/retinanet/images/flower-22.JPEG,116,76,394,375,rose
/home/ece-student/retinanet/images/flower-23.JPEG,100,35,210,109,rose
/home/ece-student/retinanet/images/flower-24.JPEG,33,35,260,302,rose
/home/ece-student/retinanet/images/flower-25.JPEG,36,24,343,301,rose
/home/ece-student/retinanet/images/flower-26.JPEG,32,27,333,402,rose
/home/ece-student/retinanet/images/flower-27.JPEG,51,29,428,335,rose
/home/ece-student/retinanet/images/flower-28.JPEG,78,81,413,332,rose
/home/ece-student/retinanet/images/flower-29.JPEG,81,97,259,271,rose
/home/ece-student/retinanet/images/flower-30.JPEG,211,159,446,360,rose
/home/ece-student/retinanet/images/flower-31.JPEG,141,42,415,316,rose
/home/ece-student/retinanet/images/flower-32.JPEG,26,5,474,399,rose
/home/ece-student/retinanet/images/flower-33.JPEG,248,134,384,268,rose
/home/ece-student/retinanet/images/flower-34.JPEG,53,15,464,325,rose
/home/ece-student/retinanet/images/flower-35.JPEG,141,99,381,289,rose
/home/ece-student/retinanet/images/flower-36.JPEG,50,43,440,341,rose
/home/ece-student/retinanet/images/flower-37.JPEG,148,86,279,226,rose
/home/ece-student/retinanet/images/flower-38.JPEG,42,26,460,323,rose
/home/ece-student/retinanet/images/flower-39.JPEG,18,21,436,316,rose
/home/ece-student/retinanet/images/flower-40.JPEG,217,26,474,308,rose
/home/ece-student/retinanet/images/flower-41.JPEG,228,128,364,263,rose
/home/ece-student/retinanet/images/flower-42.JPEG,10,98,327,471,rose
/home/ece-student/retinanet/images/flower-43.JPEG,198,209,393,418,rose
/home/ece-student/retinanet/images/flower-44.JPEG,140,164,399,388,rose
/home/ece-student/retinanet/images/flower-45.JPEG,40,167,416,459,rose
/home/ece-student/retinanet/images/flower-46.JPEG,139,116,440,412,rose
/home/ece-student/retinanet/images/flower-47.JPEG,102,112,328,346,rose
/home/ece-student/retinanet/images/flower-48.JPEG,118,98,348,300,rose
/home/ece-student/retinanet/images/flower-49.JPEG,206,85,440,316,rose
/home/ece-student/retinanet/images/flower-50.JPEG,25,54,252,301,rose
/home/ece-student/retinanet/images/flower-51.JPEG,57,74,265,336,rose
/home/ece-student/retinanet/images/flower-52.JPEG,121,50,229,141,rose
/home/ece-student/retinanet/images/flower-53.JPEG,70,68,231,209,rose
/home/ece-student/retinanet/images/flower-54.JPEG,40,32,427,298,rose
/home/ece-student/retinanet/images/flower-55.JPEG,24,30,206,157,rose
/home/ece-student/retinanet/images/flower-56.JPEG,37,23,168,150,rose
/home/ece-student/retinanet/images/flower-57.JPEG,237,39,439,213,rose
/home/ece-student/retinanet/images/flower-58.JPEG,99,38,373,305,rose
/home/ece-student/retinanet/images/flower-59.JPEG,114,95,280,257,rose
/home/ece-student/retinanet/images/flower-60.JPEG,3,34,334,474,rose
/home/ece-student/retinanet/images/flower-61.JPEG,63,113,271,344,rose
/home/ece-student/retinanet/images/flower-62.JPEG,83,65,212,150,rose
/home/ece-student/retinanet/images/flower-63.JPEG,3,55,386,375,rose
/home/ece-student/retinanet/images/flower-64.JPEG,67,64,380,394,rose
/home/ece-student/retinanet/images/flower-65.JPEG,69,79,115,116,rose
/home/ece-student/retinanet/images/flower-66.JPEG,51,56,355,323,rose
/home/ece-student/retinanet/images/flower-67.JPEG,26,92,124,174,rose
/home/ece-student/retinanet/images/flower-68.JPEG,81,35,403,323,rose
/home/ece-student/retinanet/images/flower-69.JPEG,281,122,451,280,rose
/home/ece-student/retinanet/images/flower-70.JPEG,2,15,371,394,rose
/home/ece-student/retinanet/images/flower-71.JPEG,18,138,309,448,rose
/home/ece-student/retinanet/images/flower-72.JPEG,78,13,386,309,rose
/home/ece-student/retinanet/images/flower-73.JPEG,54,29,404,342,rose
/home/ece-student/retinanet/images/flower-74.JPEG,178,88,323,231,rose
/home/ece-student/retinanet/images/flower-75.JPEG,22,121,139,237,rose
/home/ece-student/retinanet/images/flower-76.JPEG,202,167,329,278,rose
/home/ece-student/retinanet/images/flower-77.JPEG,35,65,306,248,rose
/home/ece-student/retinanet/images/flower-78.JPEG,183,53,353,251,rose
/home/ece-student/retinanet/images/flower-79.JPEG,134,85,389,329,rose
/home/ece-student/retinanet/images/flower-80.JPEG,121,46,417,328,rose
/home/ece-student/retinanet/images/flower-81.JPEG,22,11,193,156,rose
/home/ece-student/retinanet/images/flower-82.JPEG,108,48,367,294,rose
/home/ece-student/retinanet/images/flower-83.JPEG,130,167,249,301,rose
/home/ece-student/retinanet/images/flower-84.JPEG,327,287,497,480,rose
/home/ece-student/retinanet/images/flower-85.JPEG,121,44,498,323,rose
/home/ece-student/retinanet/images/flower-86.JPEG,66,57,419,337,rose
/home/ece-student/retinanet/images/flower-87.JPEG,313,82,492,246,rose
/home/ece-student/retinanet/images/flower-88.JPEG,50,31,279,241,rose
/home/ece-student/retinanet/images/flower-89.JPEG,6,39,330,441,rose
/home/ece-student/retinanet/images/flower-90.JPEG,153,58,387,298,rose
/home/ece-student/retinanet/images/flower-91.JPEG,32,4,233,149,rose
/home/ece-student/retinanet/images/flower-92.JPEG,185,110,314,212,rose
/home/ece-student/retinanet/images/flower-93.JPEG,83,78,190,164,rose
/home/ece-student/retinanet/images/flower-94.JPEG,49,92,218,246,rose
/home/ece-student/retinanet/images/flower-95.JPEG,266,80,467,327,rose
/home/ece-student/retinanet/images/flower-96.JPEG,183,116,361,270,rose
/home/ece-student/retinanet/images/flower-97.JPEG,58,93,246,280,rose
/home/ece-student/retinanet/images/flower-98.JPEG,53,12,436,369,rose
/home/ece-student/retinanet/images/flower-99.JPEG,70,17,456,320,rose
/home/ece-student/retinanet/images/flower-100.JPEG,97,16,378,293,rose
/home/ece-student/retinanet/images/flower-101.JPEG,43,114,319,373,rose
/home/ece-student/retinanet/images/flower-102.JPEG,15,9,125,127,rose
/home/ece-student/retinanet/images/flower-103.JPEG,416,168,488,238,rose
/home/ece-student/retinanet/images/flower-104.JPEG,10,8,233,160,rose
/home/ece-student/retinanet/images/flower-105.JPEG,75,226,334,454,rose
/home/ece-student/retinanet/images/flower-106.JPEG,34,104,477,318,rose
/home/ece-student/retinanet/images/flower-107.JPEG,27,66,343,346,rose
/home/ece-student/retinanet/images/flower-108.JPEG,16,16,479,326,rose
/home/ece-student/retinanet/images/flower-109.JPEG,223,126,412,324,rose
/home/ece-student/retinanet/images/flower-110.JPEG,66,30,400,309,rose
/home/ece-student/retinanet/images/flower-111.JPEG,14,65,321,354,rose
/home/ece-student/retinanet/images/flower-112.JPEG,74,36,335,307,rose
/home/ece-student/retinanet/images/flower-113.JPEG,93,38,424,337,rose
/home/ece-student/retinanet/images/flower-114.JPEG,62,49,453,322,rose
/home/ece-student/retinanet/images/flower-115.JPEG,42,50,405,349,rose
/home/ece-student/retinanet/images/flower-116.JPEG,103,36,482,322,rose
/home/ece-student/retinanet/images/flower-117.JPEG,87,51,463,419,rose
/home/ece-student/retinanet/images/flower-118.JPEG,67,91,338,350,rose
/home/ece-student/retinanet/images/flower-119.JPEG,185,100,395,241,rose
/home/ece-student/retinanet/images/flower-120.JPEG,26,24,459,373,rose
/home/ece-student/retinanet/images/flower-121.JPEG,90,69,422,347,rose
/home/ece-student/retinanet/images/flower-122.JPEG,72,177,245,380,rose
/home/ece-student/retinanet/images/flower-123.JPEG,48,96,131,174,rose
/home/ece-student/retinanet/images/flower-124.JPEG,240,47,304,122,rose
/home/ece-student/retinanet/images/flower-125.JPEG,14,33,473,312,rose
/home/ece-student/retinanet/images/flower-126.JPEG,9,138,307,325,rose
/home/ece-student/retinanet/images/flower-127.JPEG,35,85,175,273,rose
/home/ece-student/retinanet/images/flower-128.JPEG,107,81,317,254,rose
/home/ece-student/retinanet/images/flower-129.JPEG,33,109,180,269,rose
/home/ece-student/retinanet/images/flower-130.JPEG,7,20,200,160,rose
/home/ece-student/retinanet/images/flower-131.JPEG,167,81,468,331,rose
/home/ece-student/retinanet/images/flower-132.JPEG,1,1,238,158,rose
/home/ece-student/retinanet/images/flower-133.JPEG,83,155,251,296,rose
/home/ece-student/retinanet/images/flower-134.JPEG,114,46,381,338,rose
/home/ece-student/retinanet/images/flower-135.JPEG,59,26,269,266,rose
/home/ece-student/retinanet/images/flower-136.JPEG,108,62,392,276,rose
/home/ece-student/retinanet/images/flower-137.JPEG,58,40,240,216,rose
/home/ece-student/retinanet/images/flower-138.JPEG,1,8,498,490,rose
/home/ece-student/retinanet/images/flower-139.JPEG,79,24,455,353,rose
/home/ece-student/retinanet/images/flower-140.JPEG,175,111,399,315,rose
/home/ece-student/retinanet/images/flower-141.JPEG,32,35,480,395,rose
/home/ece-student/retinanet/images/flower-142.JPEG,16,57,448,359,rose
/home/ece-student/retinanet/images/flower-143.JPEG,226,168,403,340,rose
/home/ece-student/retinanet/images/flower-144.JPEG,46,46,370,306,rose
/home/ece-student/retinanet/images/flower-145.JPEG,48,26,458,322,rose
/home/ece-student/retinanet/images/flower-146.JPEG,70,34,433,307,rose
/home/ece-student/retinanet/images/flower-147.JPEG,102,48,403,304,rose
/home/ece-student/retinanet/images/flower-148.JPEG,146,53,426,349,rose
/home/ece-student/retinanet/images/flower-149.JPEG,51,89,302,309,rose
/home/ece-student/retinanet/images/flower-150.JPEG,46,67,462,458,rose
/home/ece-student/retinanet/images/flower-151.JPEG,84,71,376,353,rose
/home/ece-student/retinanet/images/flower-152.JPEG,168,229,207,263,rose
/home/ece-student/retinanet/images/flower-153.JPEG,54,125,172,272,rose
/home/ece-student/retinanet/images/flower-154.JPEG,61,32,491,448,rose
/home/ece-student/retinanet/images/flower-155.JPEG,75,42,428,338,rose
/home/ece-student/retinanet/images/flower-156.JPEG,204,147,390,311,rose
/home/ece-student/retinanet/images/flower-157.JPEG,74,128,249,309,rose
/home/ece-student/retinanet/images/flower-158.JPEG,234,135,312,189,rose
/home/ece-student/retinanet/images/flower-159.JPEG,176,74,356,263,rose
/home/ece-student/retinanet/images/flower-160.JPEG,4,109,308,453,rose
/home/ece-student/retinanet/images/flower-161.JPEG,40,33,473,375,rose
/home/ece-student/retinanet/images/flower-162.JPEG,57,196,173,307,rose
/home/ece-student/retinanet/images/flower-163.JPEG,224,168,242,184,rose
/home/ece-student/retinanet/images/flower-164.JPEG,176,99,322,302,rose
/home/ece-student/retinanet/images/flower-165.JPEG,37,16,476,437,rose
/home/ece-student/retinanet/images/flower-166.JPEG,157,32,489,326,rose
/home/ece-student/retinanet/images/flower-167.JPEG,287,77,475,213,rose
/home/ece-student/retinanet/images/flower-168.JPEG,170,125,404,329,rose
/home/ece-student/retinanet/images/flower-169.JPEG,32,125,314,447,rose
/home/ece-student/retinanet/images/flower-170.JPEG,67,45,238,143,rose
/home/ece-student/retinanet/images/flower-171.JPEG,23,8,483,320,rose
/home/ece-student/retinanet/images/flower-172.JPEG,4,7,487,375,rose
/home/ece-student/retinanet/images/flower-173.JPEG,3,7,489,329,rose
/home/ece-student/retinanet/images/flower-174.JPEG,42,95,329,390,rose
/home/ece-student/retinanet/images/flower-175.JPEG,18,45,382,327,rose
/home/ece-student/retinanet/images/flower-176.JPEG,63,32,468,314,rose
/home/ece-student/retinanet/images/flower-177.JPEG,158,97,360,358,rose
/home/ece-student/retinanet/images/flower-178.JPEG,47,6,484,328,rose
/home/ece-student/retinanet/images/flower-179.JPEG,37,15,490,326,rose
/home/ece-student/retinanet/images/flower-180.JPEG,75,19,500,327,rose
/home/ece-student/retinanet/images/flower-181.JPEG,57,48,331,290,rose
/home/ece-student/retinanet/images/flower-182.JPEG,83,60,407,327,rose
/home/ece-student/retinanet/images/flower-183.JPEG,116,43,412,348,rose
/home/ece-student/retinanet/images/flower-184.JPEG,73,153,230,292,rose
/home/ece-student/retinanet/images/flower-185.JPEG,17,62,257,244,rose
/home/ece-student/retinanet/images/flower-186.JPEG,111,183,163,239,rose
/home/ece-student/retinanet/images/flower-187.JPEG,111,54,449,345,rose
/home/ece-student/retinanet/images/flower-188.JPEG,30,136,215,266,rose
/home/ece-student/retinanet/images/flower-189.JPEG,74,157,316,412,rose
/home/ece-student/retinanet/images/flower-190.JPEG,99,42,392,305,rose
/home/ece-student/retinanet/images/flower-191.JPEG,140,134,221,217,rose
/home/ece-student/retinanet/images/flower-192.JPEG,139,45,420,309,rose
/home/ece-student/retinanet/images/flower-193.JPEG,272,206,357,308,rose
/home/ece-student/retinanet/images/flower-194.JPEG,139,133,426,451,rose
/home/ece-student/retinanet/images/flower-195.JPEG,186,133,358,324,rose
/home/ece-student/retinanet/images/flower-196.JPEG,90,137,333,367,rose
/home/ece-student/retinanet/images/flower-197.JPEG,160,89,319,241,rose
/home/ece-student/retinanet/images/flower-198.JPEG,43,30,466,372,rose
/home/ece-student/retinanet/images/flower-199.JPEG,217,38,439,223,rose
/home/ece-student/retinanet/images/flower-200.JPEG,68,34,414,361,rose
/home/ece-student/retinanet/images/flower-201.JPEG,24,59,275,283,rose
/home/ece-student/retinanet/images/flower-202.JPEG,127,83,393,305,rose
/home/ece-student/retinanet/images/flower-203.JPEG,66,65,283,224,rose
/home/ece-student/retinanet/images/flower-204.JPEG,84,54,383,325,rose
/home/ece-student/retinanet/images/flower-205.JPEG,5,117,144,240,rose
/home/ece-student/retinanet/images/flower-206.JPEG,191,73,262,133,rose
/home/ece-student/retinanet/images/flower-207.JPEG,14,21,464,364,rose
/home/ece-student/retinanet/images/flower-208.JPEG,146,213,356,454,rose
/home/ece-student/retinanet/images/flower-209.JPEG,71,135,410,404,rose
/home/ece-student/retinanet/images/flower-210.JPEG,120,80,430,291,rose
/home/ece-student/retinanet/images/flower-211.JPEG,148,166,327,324,rose
/home/ece-student/retinanet/images/flower-212.JPEG,4,56,292,332,rose
/home/ece-student/retinanet/images/flower-213.JPEG,204,31,497,319,rose
/home/ece-student/retinanet/images/flower-214.JPEG,93,26,402,293,rose
/home/ece-student/retinanet/images/flower-215.JPEG,127,77,375,314,rose
/home/ece-student/retinanet/images/flower-216.JPEG,90,160,348,359,rose
/home/ece-student/retinanet/images/flower-217.JPEG,182,127,304,233,rose
/home/ece-student/retinanet/images/flower-218.JPEG,29,94,321,315,rose
/home/ece-student/retinanet/images/flower-219.JPEG,34,97,225,321,rose
/home/ece-student/retinanet/images/flower-220.JPEG,22,31,466,320,rose
/home/ece-student/retinanet/images/flower-221.JPEG,13,37,128,134,rose
/home/ece-student/retinanet/images/flower-222.JPEG,25,229,361,500,rose
/home/ece-student/retinanet/images/flower-223.JPEG,70,57,388,302,rose
/home/ece-student/retinanet/images/flower-224.JPEG,38,4,197,146,rose
/home/ece-student/retinanet/images/flower-225.JPEG,63,33,494,315,rose
/home/ece-student/retinanet/images/flower-226.JPEG,15,10,226,156,rose
/home/ece-student/retinanet/images/flower-227.JPEG,20,25,172,156,rose
/home/ece-student/retinanet/images/flower-228.JPEG,19,26,469,414,rose
/home/ece-student/retinanet/images/flower-229.JPEG,131,63,194,135,rose
/home/ece-student/retinanet/images/flower-230.JPEG,47,15,232,158,rose
/home/ece-student/retinanet/images/flower-231.JPEG,110,59,431,330,rose
/home/ece-student/retinanet/images/flower-232.JPEG,88,177,204,290,rose
/home/ece-student/retinanet/images/flower-233.JPEG,93,12,482,364,rose
/home/ece-student/retinanet/images/flower-234.JPEG,42,119,338,456,rose
/home/ece-student/retinanet/images/flower-235.JPEG,155,49,455,317,rose
/home/ece-student/retinanet/images/flower-236.JPEG,190,16,307,146,rose
/home/ece-student/retinanet/images/flower-237.JPEG,37,59,279,292,rose
/home/ece-student/retinanet/images/flower-238.JPEG,35,41,422,340,rose
/home/ece-student/retinanet/images/flower-239.JPEG,125,75,360,295,rose
/home/ece-student/retinanet/images/flower-240.JPEG,69,153,419,422,rose
/home/ece-student/retinanet/images/flower-241.JPEG,56,87,286,281,rose
/home/ece-student/retinanet/images/flower-242.JPEG,253,39,463,220,rose
/home/ece-student/retinanet/images/flower-243.JPEG,20,204,330,490,rose
/home/ece-student/retinanet/images/flower-244.JPEG,7,142,350,499,rose
/home/ece-student/retinanet/images/flower-245.JPEG,233,264,279,317,rose
/home/ece-student/retinanet/images/flower-246.JPEG,347,30,401,87,rose
/home/ece-student/retinanet/images/flower-247.JPEG,98,200,251,355,rose
/home/ece-student/retinanet/images/flower-248.JPEG,188,90,334,241,rose
/home/ece-student/retinanet/images/flower-249.JPEG,54,29,379,273,rose
/home/ece-student/retinanet/images/flower-250.JPEG,117,48,372,273,rose
/home/ece-student/retinanet/images/flower-251.JPEG,52,51,313,315,rose
/home/ece-student/retinanet/images/flower-252.JPEG,12,45,202,226,rose
/home/ece-student/retinanet/images/flower-253.JPEG,14,11,213,160,rose
/home/ece-student/retinanet/images/flower-254.JPEG,76,37,402,324,rose
/home/ece-student/retinanet/images/flower-255.JPEG,21,35,174,159,rose
/home/ece-student/retinanet/images/flower-256.JPEG,166,138,346,279,rose
/home/ece-student/retinanet/images/flower-257.JPEG,22,40,449,442,rose
/home/ece-student/retinanet/images/flower-258.JPEG,35,75,129,156,rose
/home/ece-student/retinanet/images/flower-259.JPEG,52,40,357,331,rose
/home/ece-student/retinanet/images/flower-260.JPEG,53,132,319,374,rose
/home/ece-student/retinanet/images/flower-261.JPEG,215,94,428,288,rose
/home/ece-student/retinanet/images/flower-262.JPEG,67,81,273,370,rose
/home/ece-student/retinanet/images/flower-263.JPEG,59,71,344,323,rose
/home/ece-student/retinanet/images/flower-264.JPEG,117,51,353,294,rose
/home/ece-student/retinanet/images/flower-265.JPEG,46,34,456,375,rose
/home/ece-student/retinanet/images/flower-266.JPEG,37,28,460,359,rose
/home/ece-student/retinanet/images/flower-267.JPEG,15,18,190,195,rose
/home/ece-student/retinanet/images/flower-268.JPEG,54,77,339,371,rose
/home/ece-student/retinanet/images/flower-269.JPEG,177,158,279,272,rose
/home/ece-student/retinanet/images/flower-270.JPEG,53,21,467,323,rose
/home/ece-student/retinanet/images/flower-271.JPEG,79,67,106,101,rose
/home/ece-student/retinanet/images/flower-272.JPEG,31,22,446,312,rose
/home/ece-student/retinanet/images/flower-273.JPEG,36,49,182,160,rose
/home/ece-student/retinanet/images/flower-274.JPEG,122,47,375,284,rose
/home/ece-student/retinanet/images/flower-275.JPEG,186,53,451,301,rose
/home/ece-student/retinanet/images/flower-276.JPEG,121,40,467,365,rose
/home/ece-student/retinanet/images/flower-277.JPEG,102,75,374,332,rose
/home/ece-student/retinanet/images/flower-278.JPEG,111,100,364,332,rose
/home/ece-student/retinanet/images/flower-279.JPEG,166,45,401,281,rose
/home/ece-student/retinanet/images/flower-280.JPEG,148,88,381,321,rose
/home/ece-student/retinanet/images/flower-281.JPEG,286,160,423,285,rose
/home/ece-student/retinanet/images/flower-282.JPEG,16,224,318,496,rose
/home/ece-student/retinanet/images/flower-283.JPEG,45,109,260,331,rose
/home/ece-student/retinanet/images/flower-284.JPEG,134,65,382,275,rose
/home/ece-student/retinanet/images/flower-285.JPEG,221,72,472,282,rose
/home/ece-student/retinanet/images/flower-286.JPEG,97,109,425,409,rose
/home/ece-student/retinanet/images/flower-287.JPEG,53,107,256,280,rose
/home/ece-student/retinanet/images/flower-288.JPEG,179,57,384,262,rose
/home/ece-student/retinanet/images/flower-289.JPEG,174,92,362,254,rose
/home/ece-student/retinanet/images/flower-290.JPEG,139,158,389,329,rose
/home/ece-student/retinanet/images/flower-291.JPEG,103,83,436,450,rose
/home/ece-student/retinanet/images/flower-292.JPEG,69,111,271,278,rose
/home/ece-student/retinanet/images/flower-293.JPEG,76,75,388,343,rose
/home/ece-student/retinanet/images/flower-294.JPEG,81,68,169,141,rose
/home/ece-student/retinanet/images/flower-295.JPEG,49,71,320,346,rose
/home/ece-student/retinanet/images/flower-296.JPEG,43,71,454,417,rose
/home/ece-student/retinanet/images/flower-297.JPEG,150,69,421,344,rose
/home/ece-student/retinanet/images/flower-298.JPEG,111,57,402,327,rose
/home/ece-student/retinanet/images/flower-299.JPEG,123,15,416,294,rose
/home/ece-student/retinanet/images/flower-300.JPEG,53,29,325,306,rose
/home/ece-student/retinanet/images/flower-301.JPEG,134,5,400,260,sunflower
/home/ece-student/retinanet/images/flower-302.JPEG,2,3,48,41,sunflower
/home/ece-student/retinanet/images/flower-303.JPEG,219,92,417,232,sunflower
/home/ece-student/retinanet/images/flower-304.JPEG,95,24,187,129,sunflower
/home/ece-student/retinanet/images/flower-305.JPEG,2,2,370,310,sunflower
/home/ece-student/retinanet/images/flower-306.JPEG,207,62,312,164,sunflower
/home/ece-student/retinanet/images/flower-307.JPEG,309,52,499,232,sunflower
/home/ece-student/retinanet/images/flower-308.JPEG,24,2,88,70,sunflower
/home/ece-student/retinanet/images/flower-309.JPEG,2,1,117,81,sunflower
/home/ece-student/retinanet/images/flower-310.JPEG,162,83,409,313,sunflower
/home/ece-student/retinanet/images/flower-311.JPEG,15,22,470,480,sunflower
/home/ece-student/retinanet/images/flower-312.JPEG,78,51,204,233,sunflower
/home/ece-student/retinanet/images/flower-313.JPEG,67,42,248,224,sunflower
/home/ece-student/retinanet/images/flower-314.JPEG,81,7,327,500,sunflower
/home/ece-student/retinanet/images/flower-315.JPEG,1,2,65,63,sunflower
/home/ece-student/retinanet/images/flower-316.JPEG,131,3,390,197,sunflower
/home/ece-student/retinanet/images/flower-317.JPEG,93,13,494,334,sunflower
/home/ece-student/retinanet/images/flower-318.JPEG,50,4,462,368,sunflower
/home/ece-student/retinanet/images/flower-319.JPEG,1,1,96,66,sunflower
/home/ece-student/retinanet/images/flower-320.JPEG,14,7,108,76,sunflower
/home/ece-student/retinanet/images/flower-321.JPEG,29,74,216,273,sunflower
/home/ece-student/retinanet/images/flower-322.JPEG,4,4,333,494,sunflower
/home/ece-student/retinanet/images/flower-323.JPEG,2,15,489,369,sunflower
/home/ece-student/retinanet/images/flower-324.JPEG,35,6,490,367,sunflower
/home/ece-student/retinanet/images/flower-325.JPEG,10,12,263,343,sunflower
/home/ece-student/retinanet/images/flower-326.JPEG,10,45,164,138,sunflower
/home/ece-student/retinanet/images/flower-327.JPEG,3,1,499,365,sunflower
/home/ece-student/retinanet/images/flower-328.JPEG,73,60,546,452,sunflower
/home/ece-student/retinanet/images/flower-329.JPEG,22,4,168,153,sunflower
/home/ece-student/retinanet/images/flower-330.JPEG,58,20,199,157,sunflower
/home/ece-student/retinanet/images/flower-331.JPEG,28,22,130,122,sunflower
/home/ece-student/retinanet/images/flower-332.JPEG,226,71,413,251,sunflower
/home/ece-student/retinanet/images/flower-333.JPEG,43,63,263,297,sunflower
/home/ece-student/retinanet/images/flower-334.JPEG,4,16,436,499,sunflower
/home/ece-student/retinanet/images/flower-335.JPEG,368,224,418,269,sunflower
/home/ece-student/retinanet/images/flower-336.JPEG,36,9,89,63,sunflower
/home/ece-student/retinanet/images/flower-337.JPEG,127,39,435,320,sunflower
/home/ece-student/retinanet/images/flower-338.JPEG,136,126,1475,1480,sunflower
/home/ece-student/retinanet/images/flower-339.JPEG,5,10,167,213,sunflower
/home/ece-student/retinanet/images/flower-340.JPEG,8,57,220,252,sunflower
/home/ece-student/retinanet/images/flower-341.JPEG,5,4,489,366,sunflower
/home/ece-student/retinanet/images/flower-342.JPEG,96,60,750,588,sunflower
/home/ece-student/retinanet/images/flower-343.JPEG,35,4,78,34,sunflower
/home/ece-student/retinanet/images/flower-344.JPEG,33,20,228,228,sunflower
/home/ece-student/retinanet/images/flower-345.JPEG,35,24,146,128,sunflower
/home/ece-student/retinanet/images/flower-346.JPEG,310,147,450,297,sunflower
/home/ece-student/retinanet/images/flower-347.JPEG,82,229,254,375,sunflower
/home/ece-student/retinanet/images/flower-348.JPEG,138,45,200,108,sunflower
/home/ece-student/retinanet/images/flower-349.JPEG,6,2,491,305,sunflower
/home/ece-student/retinanet/images/flower-350.JPEG,41,13,64,34,sunflower
/home/ece-student/retinanet/images/flower-351.JPEG,92,6,442,364,sunflower
/home/ece-student/retinanet/images/flower-352.JPEG,34,15,124,98,sunflower
/home/ece-student/retinanet/images/flower-353.JPEG,6,13,83,88,sunflower
/home/ece-student/retinanet/images/flower-354.JPEG,19,37,164,191,sunflower
/home/ece-student/retinanet/images/flower-355.JPEG,123,28,347,237,sunflower
/home/ece-student/retinanet/images/flower-356.JPEG,40,27,91,83,sunflower
/home/ece-student/retinanet/images/flower-357.JPEG,13,12,332,500,sunflower
/home/ece-student/retinanet/images/flower-358.JPEG,136,22,487,352,sunflower
/home/ece-student/retinanet/images/flower-359.JPEG,26,9,107,84,sunflower
/home/ece-student/retinanet/images/flower-360.JPEG,7,2,126,92,sunflower
/home/ece-student/retinanet/images/flower-361.JPEG,214,85,283,242,sunflower
/home/ece-student/retinanet/images/flower-362.JPEG,65,99,263,281,sunflower
/home/ece-student/retinanet/images/flower-363.JPEG,305,312,578,516,sunflower
/home/ece-student/retinanet/images/flower-364.JPEG,5,2,126,83,sunflower
/home/ece-student/retinanet/images/flower-365.JPEG,8,20,391,516,sunflower
/home/ece-student/retinanet/images/flower-366.JPEG,12,19,325,442,sunflower
/home/ece-student/retinanet/images/flower-367.JPEG,120,36,362,427,sunflower
/home/ece-student/retinanet/images/flower-368.JPEG,293,137,445,271,sunflower
/home/ece-student/retinanet/images/flower-369.JPEG,15,9,148,152,sunflower
/home/ece-student/retinanet/images/flower-370.JPEG,45,4,100,65,sunflower
/home/ece-student/retinanet/images/flower-371.JPEG,57,1,500,364,sunflower
/home/ece-student/retinanet/images/flower-372.JPEG,222,60,442,302,sunflower
/home/ece-student/retinanet/images/flower-373.JPEG,30,118,340,457,sunflower
/home/ece-student/retinanet/images/flower-374.JPEG,150,53,434,314,sunflower
/home/ece-student/retinanet/images/flower-375.JPEG,86,45,404,347,sunflower
/home/ece-student/retinanet/images/flower-376.JPEG,24,16,226,189,sunflower
/home/ece-student/retinanet/images/flower-377.JPEG,37,7,208,166,sunflower
/home/ece-student/retinanet/images/flower-378.JPEG,12,9,286,446,sunflower
/home/ece-student/retinanet/images/flower-379.JPEG,8,9,486,375,sunflower
/home/ece-student/retinanet/images/flower-380.JPEG,211,133,536,391,sunflower
/home/ece-student/retinanet/images/flower-381.JPEG,21,10,102,88,sunflower
/home/ece-student/retinanet/images/flower-382.JPEG,28,49,320,361,sunflower
/home/ece-student/retinanet/images/flower-383.JPEG,53,28,85,65,sunflower
/home/ece-student/retinanet/images/flower-384.JPEG,3,1,122,87,sunflower
/home/ece-student/retinanet/images/flower-385.JPEG,2,24,143,175,sunflower
/home/ece-student/retinanet/images/flower-386.JPEG,40,165,1325,1424,sunflower
/home/ece-student/retinanet/images/flower-387.JPEG,47,26,138,114,sunflower
/home/ece-student/retinanet/images/flower-388.JPEG,109,48,358,239,sunflower
/home/ece-student/retinanet/images/flower-389.JPEG,113,52,525,459,sunflower
/home/ece-student/retinanet/images/flower-390.JPEG,29,32,135,140,sunflower
/home/ece-student/retinanet/images/flower-391.JPEG,24,41,266,280,sunflower
/home/ece-student/retinanet/images/flower-392.JPEG,124,16,438,310,sunflower
/home/ece-student/retinanet/images/flower-393.JPEG,36,7,121,88,sunflower
/home/ece-student/retinanet/images/flower-394.JPEG,7,11,128,115,sunflower
/home/ece-student/retinanet/images/flower-395.JPEG,67,30,438,364,sunflower
/home/ece-student/retinanet/images/flower-396.JPEG,2,4,252,198,sunflower
/home/ece-student/retinanet/images/flower-397.JPEG,19,155,333,488,sunflower
/home/ece-student/retinanet/images/flower-398.JPEG,92,51,277,242,sunflower
/home/ece-student/retinanet/images/flower-399.JPEG,5,17,89,102,sunflower
/home/ece-student/retinanet/images/flower-400.JPEG,16,2,297,234,sunflower
/home/ece-student/retinanet/images/flower-401.JPEG,135,110,219,199,sunflower
/home/ece-student/retinanet/images/flower-402.JPEG,1,1,130,85,sunflower
/home/ece-student/retinanet/images/flower-403.JPEG,19,1,296,337,sunflower
/home/ece-student/retinanet/images/flower-404.JPEG,69,150,306,341,sunflower
/home/ece-student/retinanet/images/flower-405.JPEG,99,17,188,95,sunflower
/home/ece-student/retinanet/images/flower-406.JPEG,2,1,129,86,sunflower
/home/ece-student/retinanet/images/flower-407.JPEG,182,23,470,335,sunflower
/home/ece-student/retinanet/images/flower-408.JPEG,14,12,478,500,sunflower
/home/ece-student/retinanet/images/flower-409.JPEG,37,14,161,142,sunflower
/home/ece-student/retinanet/images/flower-410.JPEG,200,148,231,187,sunflower
/home/ece-student/retinanet/images/flower-411.JPEG,10,1,115,77,sunflower
/home/ece-student/retinanet/images/flower-412.JPEG,39,17,60,38,sunflower
/home/ece-student/retinanet/images/flower-413.JPEG,40,15,320,408,sunflower
/home/ece-student/retinanet/images/flower-414.JPEG,163,29,547,349,sunflower
/home/ece-student/retinanet/images/flower-415.JPEG,27,23,236,225,sunflower
/home/ece-student/retinanet/images/flower-416.JPEG,13,34,465,375,sunflower
/home/ece-student/retinanet/images/flower-417.JPEG,54,43,346,296,sunflower
/home/ece-student/retinanet/images/flower-418.JPEG,21,7,475,365,sunflower
/home/ece-student/retinanet/images/flower-419.JPEG,113,8,487,369,sunflower
/home/ece-student/retinanet/images/flower-420.JPEG,158,82,321,248,sunflower
/home/ece-student/retinanet/images/flower-421.JPEG,2,1,457,325,sunflower
/home/ece-student/retinanet/images/flower-422.JPEG,1,3,64,59,sunflower
/home/ece-student/retinanet/images/flower-423.JPEG,17,21,463,456,sunflower
/home/ece-student/retinanet/images/flower-424.JPEG,12,7,138,138,sunflower
/home/ece-student/retinanet/images/flower-425.JPEG,22,20,456,358,sunflower
/home/ece-student/retinanet/images/flower-426.JPEG,91,6,498,368,sunflower
/home/ece-student/retinanet/images/flower-427.JPEG,61,26,447,321,sunflower
/home/ece-student/retinanet/images/flower-428.JPEG,107,26,400,330,sunflower
/home/ece-student/retinanet/images/flower-429.JPEG,69,23,335,292,sunflower
/home/ece-student/retinanet/images/flower-430.JPEG,13,5,46,31,sunflower
/home/ece-student/retinanet/images/flower-431.JPEG,23,1,374,253,sunflower
/home/ece-student/retinanet/images/flower-432.JPEG,73,19,372,478,sunflower
/home/ece-student/retinanet/images/flower-433.JPEG,58,36,231,204,sunflower
/home/ece-student/retinanet/images/flower-434.JPEG,212,180,251,220,sunflower
/home/ece-student/retinanet/images/flower-435.JPEG,49,15,453,315,sunflower
/home/ece-student/retinanet/images/flower-436.JPEG,21,24,123,115,sunflower
/home/ece-student/retinanet/images/flower-437.JPEG,351,185,418,233,sunflower
/home/ece-student/retinanet/images/flower-438.JPEG,89,46,379,325,sunflower
/home/ece-student/retinanet/images/flower-439.JPEG,92,174,284,358,sunflower
/home/ece-student/retinanet/images/flower-440.JPEG,81,28,419,362,sunflower
/home/ece-student/retinanet/images/flower-441.JPEG,56,19,139,103,sunflower
/home/ece-student/retinanet/images/flower-442.JPEG,58,7,333,478,sunflower
/home/ece-student/retinanet/images/flower-443.JPEG,136,21,385,297,sunflower
/home/ece-student/retinanet/images/flower-444.JPEG,4,3,119,97,sunflower
/home/ece-student/retinanet/images/flower-445.JPEG,133,108,185,157,sunflower
/home/ece-student/retinanet/images/flower-446.JPEG,47,20,244,203,sunflower
/home/ece-student/retinanet/images/flower-447.JPEG,40,4,443,332,sunflower
/home/ece-student/retinanet/images/flower-448.JPEG,88,31,414,297,sunflower
/home/ece-student/retinanet/images/flower-449.JPEG,25,56,298,316,sunflower
/home/ece-student/retinanet/images/flower-450.JPEG,120,16,467,317,sunflower
/home/ece-student/retinanet/images/flower-451.JPEG,20,18,100,101,sunflower
/home/ece-student/retinanet/images/flower-452.JPEG,20,7,114,98,sunflower
/home/ece-student/retinanet/images/flower-453.JPEG,120,10,491,322,sunflower
/home/ece-student/retinanet/images/flower-454.JPEG,22,11,47,42,sunflower
/home/ece-student/retinanet/images/flower-455.JPEG,9,43,374,492,sunflower
/home/ece-student/retinanet/images/flower-456.JPEG,36,6,62,27,sunflower
/home/ece-student/retinanet/images/flower-457.JPEG,136,13,466,327,sunflower
/home/ece-student/retinanet/images/flower-458.JPEG,122,37,479,344,sunflower
/home/ece-student/retinanet/images/flower-459.JPEG,230,32,397,162,sunflower
/home/ece-student/retinanet/images/flower-460.JPEG,29,36,66,75,sunflower
/home/ece-student/retinanet/images/flower-461.JPEG,2,3,372,495,sunflower
/home/ece-student/retinanet/images/flower-462.JPEG,64,19,332,497,sunflower
/home/ece-student/retinanet/images/flower-463.JPEG,25,15,263,252,sunflower
/home/ece-student/retinanet/images/flower-464.JPEG,49,23,394,396,sunflower
/home/ece-student/retinanet/images/flower-465.JPEG,57,49,498,492,sunflower
/home/ece-student/retinanet/images/flower-466.JPEG,24,4,107,73,sunflower
/home/ece-student/retinanet/images/flower-467.JPEG,97,14,373,264,sunflower
/home/ece-student/retinanet/images/flower-468.JPEG,17,32,79,106,sunflower
/home/ece-student/retinanet/images/flower-469.JPEG,92,31,194,140,sunflower
/home/ece-student/retinanet/images/flower-470.JPEG,1,1,119,87,sunflower
/home/ece-student/retinanet/images/flower-471.JPEG,14,3,47,32,sunflower
/home/ece-student/retinanet/images/flower-472.JPEG,26,30,348,380,sunflower
/home/ece-student/retinanet/images/flower-473.JPEG,99,108,149,165,sunflower
/home/ece-student/retinanet/images/flower-474.JPEG,155,23,496,316,sunflower
/home/ece-student/retinanet/images/flower-475.JPEG,84,14,425,362,sunflower
/home/ece-student/retinanet/images/flower-476.JPEG,262,84,401,202,sunflower
/home/ece-student/retinanet/images/flower-477.JPEG,59,44,305,315,sunflower
/home/ece-student/retinanet/images/flower-478.JPEG,53,37,404,401,sunflower
/home/ece-student/retinanet/images/flower-479.JPEG,21,50,260,300,sunflower
/home/ece-student/retinanet/images/flower-480.JPEG,214,257,249,300,sunflower
/home/ece-student/retinanet/images/flower-481.JPEG,161,74,296,233,sunflower
/home/ece-student/retinanet/images/flower-482.JPEG,19,9,66,49,sunflower
/home/ece-student/retinanet/images/flower-483.JPEG,152,71,486,334,sunflower
/home/ece-student/retinanet/images/flower-484.JPEG,1,71,480,603,sunflower
/home/ece-student/retinanet/images/flower-485.JPEG,134,16,349,226,sunflower
/home/ece-student/retinanet/images/flower-486.JPEG,23,46,92,113,sunflower
/home/ece-student/retinanet/images/flower-487.JPEG,2,2,304,284,sunflower
/home/ece-student/retinanet/images/flower-488.JPEG,171,25,385,237,sunflower
/home/ece-student/retinanet/images/flower-489.JPEG,172,28,442,297,sunflower
/home/ece-student/retinanet/images/flower-490.JPEG,140,71,328,289,sunflower
/home/ece-student/retinanet/images/flower-491.JPEG,14,4,337,288,sunflower
/home/ece-student/retinanet/images/flower-492.JPEG,10,7,523,356,sunflower
/home/ece-student/retinanet/images/flower-493.JPEG,1,2,500,331,sunflower
/home/ece-student/retinanet/images/flower-494.JPEG,2,4,497,331,sunflower
/home/ece-student/retinanet/images/flower-495.JPEG,130,98,175,146,sunflower
/home/ece-student/retinanet/images/flower-496.JPEG,77,246,362,545,sunflower
/home/ece-student/retinanet/images/flower-497.JPEG,37,11,101,71,sunflower
/home/ece-student/retinanet/images/flower-498.JPEG,132,25,274,166,sunflower
/home/ece-student/retinanet/images/flower-499.JPEG,98,68,443,342,sunflower
/home/ece-student/retinanet/images/flower-500.JPEG,21,9,107,92,sunflower
/home/ece-student/retinanet/images/flower-501.JPEG,14,85,192,283,sunflower
/home/ece-student/retinanet/images/flower-502.JPEG,56,46,582,443,sunflower
/home/ece-student/retinanet/images/flower-503.JPEG,190,41,1128,933,sunflower
/home/ece-student/retinanet/images/flower-504.JPEG,27,8,104,77,sunflower
/home/ece-student/retinanet/images/flower-505.JPEG,76,61,111,93,sunflower
/home/ece-student/retinanet/images/flower-506.JPEG,369,157,474,256,sunflower
/home/ece-student/retinanet/images/flower-507.JPEG,14,2,75,58,sunflower
/home/ece-student/retinanet/images/flower-508.JPEG,16,9,498,493,sunflower
/home/ece-student/retinanet/images/flower-509.JPEG,204,189,295,269,sunflower
/home/ece-student/retinanet/images/flower-510.JPEG,9,33,72,89,sunflower
/home/ece-student/retinanet/images/flower-511.JPEG,14,24,389,293,sunflower
/home/ece-student/retinanet/images/flower-512.JPEG,240,208,279,239,sunflower
/home/ece-student/retinanet/images/flower-513.JPEG,141,59,361,283,sunflower
/home/ece-student/retinanet/images/flower-514.JPEG,12,2,382,167,sunflower
/home/ece-student/retinanet/images/flower-515.JPEG,15,2,123,83,sunflower
/home/ece-student/retinanet/images/flower-516.JPEG,89,17,483,399,sunflower
/home/ece-student/retinanet/images/flower-517.JPEG,81,42,298,243,sunflower
/home/ece-student/retinanet/images/flower-518.JPEG,4,20,53,120,sunflower
/home/ece-student/retinanet/images/flower-519.JPEG,2,8,341,489,sunflower
/home/ece-student/retinanet/images/flower-520.JPEG,29,24,129,116,sunflower
/home/ece-student/retinanet/images/flower-521.JPEG,54,30,125,97,sunflower
/home/ece-student/retinanet/images/flower-522.JPEG,217,194,267,264,sunflower
/home/ece-student/retinanet/images/flower-523.JPEG,43,237,415,595,sunflower
/home/ece-student/retinanet/images/flower-524.JPEG,45,59,310,331,sunflower
/home/ece-student/retinanet/images/flower-525.JPEG,30,46,469,465,sunflower
/home/ece-student/retinanet/images/flower-526.JPEG,5,12,33,41,sunflower
/home/ece-student/retinanet/images/flower-527.JPEG,13,7,750,445,sunflower
/home/ece-student/retinanet/images/flower-528.JPEG,12,12,88,96,sunflower
/home/ece-student/retinanet/images/flower-529.JPEG,34,44,118,128,sunflower
/home/ece-student/retinanet/images/flower-530.JPEG,84,90,320,377,sunflower
/home/ece-student/retinanet/images/flower-531.JPEG,93,188,449,508,sunflower
/home/ece-student/retinanet/images/flower-532.JPEG,8,6,498,370,sunflower
/home/ece-student/retinanet/images/flower-533.JPEG,19,9,161,146,sunflower
/home/ece-student/retinanet/images/flower-534.JPEG,13,5,82,75,sunflower
/home/ece-student/retinanet/images/flower-535.JPEG,2,2,36,35,sunflower
/home/ece-student/retinanet/images/flower-536.JPEG,7,6,69,68,sunflower
/home/ece-student/retinanet/images/flower-537.JPEG,231,10,481,241,sunflower
/home/ece-student/retinanet/images/flower-538.JPEG,57,45,324,277,sunflower
/home/ece-student/retinanet/images/flower-539.JPEG,14,3,132,103,sunflower
/home/ece-student/retinanet/images/flower-540.JPEG,75,37,336,249,sunflower
/home/ece-student/retinanet/images/flower-541.JPEG,16,104,303,413,sunflower
/home/ece-student/retinanet/images/flower-542.JPEG,29,12,100,78,sunflower
/home/ece-student/retinanet/images/flower-543.JPEG,1,1,239,180,sunflower
/home/ece-student/retinanet/images/flower-544.JPEG,122,57,320,257,sunflower
/home/ece-student/retinanet/images/flower-545.JPEG,177,130,205,172,sunflower
/home/ece-student/retinanet/images/flower-546.JPEG,41,10,131,86,sunflower
/home/ece-student/retinanet/images/flower-547.JPEG,29,62,37,70,sunflower
/home/ece-student/retinanet/images/flower-548.JPEG,17,3,489,328,sunflower
/home/ece-student/retinanet/images/flower-549.JPEG,66,15,323,259,sunflower
/home/ece-student/retinanet/images/flower-550.JPEG,79,38,326,246,sunflower
/home/ece-student/retinanet/images/flower-551.JPEG,67,18,384,345,sunflower
/home/ece-student/retinanet/images/flower-552.JPEG,18,11,88,59,sunflower
/home/ece-student/retinanet/images/flower-553.JPEG,11,6,415,494,sunflower
/home/ece-student/retinanet/images/flower-554.JPEG,46,12,448,326,sunflower
/home/ece-student/retinanet/images/flower-555.JPEG,169,84,323,269,sunflower
/home/ece-student/retinanet/images/flower-556.JPEG,122,60,539,387,sunflower
/home/ece-student/retinanet/images/flower-557.JPEG,14,25,987,700,sunflower
/home/ece-student/retinanet/images/flower-558.JPEG,57,64,300,337,sunflower
/home/ece-student/retinanet/images/flower-559.JPEG,44,67,134,144,sunflower
/home/ece-student/retinanet/images/flower-560.JPEG,40,63,56,80,sunflower
/home/ece-student/retinanet/images/flower-561.JPEG,2,9,497,373,sunflower
/home/ece-student/retinanet/images/flower-562.JPEG,29,8,102,76,sunflower
/home/ece-student/retinanet/images/flower-563.JPEG,158,135,371,349,sunflower
/home/ece-student/retinanet/images/flower-564.JPEG,5,22,129,87,sunflower
/home/ece-student/retinanet/images/flower-565.JPEG,53,103,358,410,sunflower
/home/ece-student/retinanet/images/flower-566.JPEG,21,25,329,312,sunflower
/home/ece-student/retinanet/images/flower-567.JPEG,62,24,505,408,sunflower
/home/ece-student/retinanet/images/flower-568.JPEG,36,19,475,457,sunflower
/home/ece-student/retinanet/images/flower-569.JPEG,2,2,129,99,sunflower
/home/ece-student/retinanet/images/flower-570.JPEG,110,43,418,346,sunflower
/home/ece-student/retinanet/images/flower-571.JPEG,90,2,499,355,sunflower
/home/ece-student/retinanet/images/flower-572.JPEG,28,7,112,89,sunflower
/home/ece-student/retinanet/images/flower-573.JPEG,10,27,89,107,sunflower
/home/ece-student/retinanet/images/flower-574.JPEG,73,51,332,300,sunflower
/home/ece-student/retinanet/images/flower-575.JPEG,154,88,361,314,sunflower
/home/ece-student/retinanet/images/flower-576.JPEG,57,38,437,288,sunflower
/home/ece-student/retinanet/images/flower-577.JPEG,28,29,434,409,sunflower
/home/ece-student/retinanet/images/flower-578.JPEG,17,4,441,350,sunflower
/home/ece-student/retinanet/images/flower-579.JPEG,47,53,390,394,sunflower
/home/ece-student/retinanet/images/flower-580.JPEG,85,36,426,323,sunflower
/home/ece-student/retinanet/images/flower-581.JPEG,6,19,85,92,sunflower
/home/ece-student/retinanet/images/flower-582.JPEG,10,2,106,104,sunflower
/home/ece-student/retinanet/images/flower-583.JPEG,17,6,116,100,sunflower
/home/ece-student/retinanet/images/flower-584.JPEG,82,98,386,333,sunflower
/home/ece-student/retinanet/images/flower-585.JPEG,17,40,89,109,sunflower
/home/ece-student/retinanet/images/flower-586.JPEG,294,259,319,280,sunflower
/home/ece-student/retinanet/images/flower-587.JPEG,15,1,124,99,sunflower
/home/ece-student/retinanet/images/flower-588.JPEG,150,12,464,362,sunflower
/home/ece-student/retinanet/images/flower-589.JPEG,78,22,408,313,sunflower
/home/ece-student/retinanet/images/flower-590.JPEG,34,196,284,480,sunflower
/home/ece-student/retinanet/images/flower-591.JPEG,1,1,75,77,sunflower
/home/ece-student/retinanet/images/flower-592.JPEG,151,4,327,324,sunflower
/home/ece-student/retinanet/images/flower-593.JPEG,73,29,326,291,sunflower
/home/ece-student/retinanet/images/flower-594.JPEG,114,42,315,460,sunflower
/home/ece-student/retinanet/images/flower-595.JPEG,25,185,49,211,sunflower
/home/ece-student/retinanet/images/flower-596.JPEG,121,5,443,368,sunflower
/home/ece-student/retinanet/images/flower-597.JPEG,50,1,302,500,sunflower
/home/ece-student/retinanet/images/flower-598.JPEG,91,25,343,297,sunflower
/home/ece-student/retinanet/images/flower-599.JPEG,378,160,441,210,sunflower
/home/ece-student/retinanet/images/flower-600.JPEG,77,67,459,319,sunflower
